Name,Age,Gender,Department,Salary,Experience
Alice,23,Female,HR,50000,1
Bob,35,Male,Finance,60000,5
Charlie,45,Male,IT,75000,10
David,22,Male,IT,52000,2
Eva,34,Female,HR,58000,4
Frank,42,Male,Finance,62000,6
Grace,29,Female,Marketing,54000,3
Hannah,31,Female,Marketing,56000,3
Ian,27,Male,IT,70000,8
Jack,40,Male,Finance,61000,6
Alice,23,Female,HR,50000,1
Bob,35,Male,Finance,60000,5
Charlie,45,Male,IT,75000,10
David,22,Male,IT,52000,2
Eva,34,Female,HR,58000,4
Frank,42,Male,Finance,62000,6
Grace,29,Female,Marketing,54000,3
Hannah,31,Female,Marketing,56000,3
Ian,27,Male,IT,70000,8
Jack,40,Male,Finance,61000,6
Alice,23,Female,HR,50000,1
Bob,35,Male,Finance,60000,5
Charlie,45,Male,IT,75000,10
David,22,Male,IT,52000,2
Eva,34,Female,HR,58000,4
Frank,42,Male,Finance,62000,6
Grace,29,Female,Marketing,54000,3
Hannah,31,Female,Marketing,56000,3
Ian,27,Male,IT,70000,8
Jack,40,Male,Finance,61000,6
Alice,23,Female,HR,50000,1
Bob,35,Male,Finance,60000,5
Charlie,45,Male,IT,75000,10
David,22,Male,IT,52000,2
Eva,34,Female,HR,58000,4
Frank,42,Male,Finance,62000,6
Grace,29,Female,Marketing,54000,3
Hannah,31,Female,Marketing,56000,3
Ian,27,Male,IT,70000,8
Jack,40,Male,Finance,61000,6
Alice,23,Female,HR,50000,1
Bob,35,Male,Finance,60000,5
Charlie,45,Male,IT,75000,10
David,22,Male,IT,52000,2
Eva,34,Female,HR,58000,4
Frank,42,Male,Finance,62000,6
Grace,29,Female,Marketing,54000,3
Hannah,31,Female,Marketing,56000,3
Ian,27,Male,IT,70000,8
Jack,40,Male,Finance,61000,6
Alice,23,Female,HR,50000,1
Bob,35,Male,Finance,60000,5
Charlie,45,Male,IT,75000,10
David,22,Male,IT,52000,2
Eva,34,Female,HR,58000,4
Frank,42,Male,Finance,62000,6
Grace,29,Female,Marketing,54000,3
Hannah,31,Female,Marketing,56000,3
Ian,27,Male,IT,70000,8
Jack,40,Male,Finance,61000,6
Alice,23,Female,HR,50000,1
Bob,35,Male,Finance,60000,5
Charlie,45,Male,IT,75000,10
David,22,Male,IT,52000,2
Eva,34,Female,HR,58000,4
Frank,42,Male,Finance,62000,6
Grace,29,Female,Marketing,54000,3
Hannah,31,Female,Marketing,56000,3
Ian,27,Male,IT,70000,8
Jack,40,Male,Finance,61000,6
Alice,23,Female,HR,50000,1
Bob,35,Male,Finance,60000,5
Charlie,45,Male,IT,75000,10
David,22,Male,IT,52000,2
Eva,34,Female,HR,58000,4
Frank,42,Male,Finance,62000,6
Grace,29,Female,Marketing,54000,3
Hannah,31,Female,Marketing,56000,3
Ian,27,Male,IT,70000,8
Jack,40,Male,Finance,61000,6
Alice,23,Female,HR,50000,1
Bob,35,Male,Finance,60000,5
Charlie,45,Male,IT,75000,10
David,22,Male,IT,52000,2
Eva,34,Female,HR,58000,4
Frank,42,Male,Finance,62000,6
Grace,29,Female,Marketing,54000,3
Hannah,31,Female,Marketing,56000,3
Ian,27,Male,IT,70000,8
Jack,40,Male,Finance,61000,6
Alice,23,Female,HR,50000,1
Bob,35,Male,Finance,60000,5
Charlie,45,Male,IT,75000,10
David,22,Male,IT,52000,2
Eva,34,Female,HR,58000,4
Frank,42,Male,Finance,62000,6
Grace,29,Female,Marketing,54000,3
Hannah,31,Female,Marketing,56000,3
Ian,27,Male,IT,70000,8
Jack,40,Male,Finance,61000,6
